0.006027639,0.032254349,0.006026365,0.022007042,0.014102564
-0.023122217,-0.012400455,-0.032786885,0.006200177,-0.012158055
-0.007554162,-0.00666742,0.02387169,0.06710775,0.05027933
-0.001423285,0.023124061,0.013227513,-0.005639098,-0.001062982
0.008468494,0.020530973,-0.006010518,0.080203046,0.088831019
0.00028715,0.012786807,-0.03898917,-0.004044489,-0.040533037
0.027589259,0.027252639,0.044494721,0.085620198,0.030025736
-0.007903981,-0.035519773,-0.072727273,-0.032908705,-0.026447661
-0.002918856,-0.009847597,-0.022556391,-0.042682927,-0.044426709
0.001022644,0.018264295,0.045746962,0.080131723,0.027610716
-0.012835304,0.004677381,-0.015135516,-0.033934252,-0.015078083
-0.002445691,0.018692731,-0.018991713,0.035126235,0.069392456
-0.014741318,-0.030557859,-0.021952043,-0.021482277,-0.00057554
0.004556457,-0.007056333,0.00304878,0.055555556,0.062691131
0.003142408,-0.061996691,-0.045895281,-0.030769231,-0.028231798
0.001287185,-0.015529974,-0.000645995,-0.046121593,-0.032211677
-0.022781272,0.05753991,0.008469055,0.085324232,0.084867395
0.00294365,0.032491403,0.004252535,0.102885822,0.079488043
-0.008615898,-0.024522846,0.008578027,-0.020884521,-0.004025495
-0.004564947,-0.028214928,-0.011092985,0.020050125,0.027222605
0.017595721,0.012059158,0.022689356,0.033678756,0.004499827
-0.010171381,0.04605498,0.022517912,0.041835358,0.054764513
0.008430518,-0.013153259,-0.000341064,0.016460905,0.004032258
0.032796401,0.064375,-0.01212938,0.034042553,0.055319149
-0.006344629,-0.007444169,0.024861878,-0.096153846,-0.029290274
0.002747253,-0.029967505,-0.026554622,0.020942408,0.011009871
-0.006321839,-0.003478052,-0.012939615,-0.06372549,-0.038335159
0.028520763,-0.000599305,-0.003636364,0.03030303,-0.020736503
-0.01110624,-0.022724611,0.022650439,0.005076142,-0.011311417
0.017092747,-0.007671742,0.012666895,0.045092838,0.019459459
0.011881486,0.024410574,0.042097752,0.077142857,0.093811588
-0.008795468,-0.049139493,-0.020957038,-0.016853933,-0.040831758
0.007661109,0.014123321,-0.007281553,0.018597997,0.017699115
0.019761029,-0.071337172,-0.05442623,-0.070478723,-0.113574352
0.013664596,-0.029895521,0.005605012,-0.02464332,-0.071270193
-0.003095975,-0.05853136,-0.031299904,-0.062043796,-0.056485356
-0.007985258,-0.029397864,-0.013547574,-0.013205282,-0.011521418
0.024221453,0.021632062,0.052387268,-0.03699422,0.014384177
-0.016550657,0.000193181,-0.022366288,-0.059782609,-0.03971223
-0.00293029,-0.006143803,-0.023115896,-0.035639413,-0.048205971
0.015982451,-0.012138454,0.007979572,-0.027522936,-0.015637638
0.012855102,-0.050598722,-0.01817612,0.005122951,0.012005457
0.020900843,0.030525144,0.019163207,0.216957606,0.072892272
0.0101473,-0.020181818,-0.002866242,-0.009876543,0.002935995
-0.004399544,-0.030324401,0.018818949,0.033163265,0.054162798
0.0100395,0.01803823,0.007518797,-0.01754386,-0.017335766
-0.01984191,0.019674231,0.031355361,-0.00622665,-0.000304044
-0.040699474,-0.019206606,0.00850051,0.029487179,-0.018208955
0.013011444,0.023892667,0.03447063,0.075862069,0.086956522
-0.007159533,0.053436592,-0.015922465,0.029829545,0.041216216
0.029152651,0.035381377,0.051692756,0.069908815,-0.035516455
-0.015144345,0.070149094,0.004754938,0.069918699,0.076464398
-0.014458955,0.057029478,0.082772277,0.112115732,0.085268367
-0.0032543,-0.017926734,-0.002370605,-0.007181329,-0.04194019
0.028694405,0.057957357,0.001186709,0.077369439,0.055021162
-0.007279633,-0.09140533,0.011604642,-0.091388401,-0.095370693
0.014122934,-0.003307019,0.018752548,0.01426025,0.021329541
0.037117177,0.110268862,0.038087177,0.093567251,0.19245443
-0.021976233,-0.076662292,-0.039430894,-0.106271777,-0.100990854
0.009697567,-0.02297254,-0.052753177,-0.069692058,-0.104131103
0.020805369,0.004076816,0.024861878,-0.043410853,-0.033014196
-0.019252921,-0.011454025,-0.02688172,-0.116438356,-0.111730205
0.014863059,0.108251058,-0.006864989,0.137071651,0.127645503
0.000668449,0.045080457,-0.003799392,0.043902439,0.066666667
0.019942049,0.113375274,0.038674033,0.049488055,0.153376729
-0.014280914,0.022800392,0.054954205,-0.036184211,-0.038717247
0.025853154,-0.000279681,-0.007027697,-0.03030303,0.025671881
-0.027489105,-0.140194782,-0.076012223,-0.126740947,-0.138562543
0.034327323,0.023127076,0.05394525,0.036075036,0.084301236
-0.052251068,-0.016573917,-0.002409639,-0.0375,-0.058553792
0.010292165,0.002546998,0.021748051,-0.064935065,-0.048338369
0.017567568,0.064832752,0.049978458,0.114327062,0.11489521
-0.017590441,-0.109488212,-0.036129568,-0.03085554,-0.103355705
-0.023022049,-0.01294131,-0.022330491,-0.119753086,-0.10724985
0.009823183,-0.07903816,-0.062785388,-0.158878505,-0.127776326
-0.026147959,-0.060412574,-0.004922378,-0.041791045,-0.047536088
-0.040538473,-0.034522003,0.028026469,0.013104839,0.049086162
-0.01994003,-0.009488023,-0.005034857,-0.065032988,-0.086790653
-0.00373413,0.016520244,0.034455128,-0.035454545,-0.019864454
0.025425027,0.086081726,0.070785071,0.053639847,0.083016958
-0.003966438,0.042265701,0.001718951,-0.014164306,0.033751962
0.000457875,-0.008679811,0.023306948,-0.011204482,0.010042283
-0.004103967,-0.042577203,-0.008286088,-0.042895442,-0.048529042
-0.013051305,-0.033515121,-0.034526316,-0.034512511,-0.027152642
-0.012736967,0.00258475,0.01106854,0.009581882,-0.000977517
0.010475905,-0.01872988,-0.01509434,-0.028764805,-0.01230992
0.018752859,-0.036379019,-0.032454361,-0.031147541,-0.081170991
0.005518933,-0.043947156,-0.002024291,0.002465078,-0.015287181
0.02193326,0.054791923,0.015625,-0.002459016,0.008812514
0.00440598,0.024871272,0.005789909,-0.040125885,0.029251701
0.021047558,-0.023805008,-0.026570048,-0.048652695,-0.030556166
0.007772021,-0.029186999,0.02306425,0.008301887,0.02454955
0.019478376,0.036948635,-0.005325686,0.002269289,-0.002247191
0.011690047,0.038366214,0.033008887,-0.050287356,-0.008687904
-0.021888272,0.050400916,-0.034327748,-0.023157895,-0.015354244
0.019653564,-0.029313656,-0.010513546,0.017857143,0.006623979
0.004517316,0.010211375,-0.022529644,-0.004267425,-0.034122414
0.003020641,-0.036501377,-0.018999612,-0.037645448,-0.042670478
-0.007164279,0.022432351,-0.000774893,-0.001367054,0.005956048
0.000500083,0.039636059,-0.019004181,0.033922261,0.012476606
-0.008757436,0.040931853,0.000760746,0.050482554,0.021235931
-0.022294023,0.031555306,-0.009419744,-0.045357902,-0.034843206
-0.013702996,-0.008793411,-0.010070869,-0.065562914,-0.046697929
0.005930438,0.003014402,-0.010335917,0.070163005,0.038555195
0.016289298,0.000782123,0.024583964,0.068130204,0.044289044
-0.005507857,-0.00842012,-0.013800821,0.020865533,0.010708931
-0.004194225,0.020117541,0.014377601,0.03935743,-0.004265302
0.016396131,0.029435718,0.02046332,-0.018138801,-0.014708972
-0.004082299,0.006322445,0.01171875,0.079148936,0.071846847
0.027516779,0.062313433,0.070234114,0.068181818,0.082926829
-0.01259112,0.001994018,-0.017255546,-0.046793761,-0.037558685
0.001161055,0.036157025,-0.015770319,-0.037531276,-0.004672897
-0.00675453,-0.02993862,-0.021756329,-0.019623876,-0.04442956
-0.00344771,0.062841166,0.006770211,0.079435128,0.076682692
0.004452507,0.003473614,0.050627615,0.000883392,0.014634146
-0.025080386,-0.012402692,-0.006237006,-0.044725738,0.04034509
0.014185554,-0.007724535,0.039775184,-0.091257669,-0.057177033
-0.01872,0.027441485,0.007843137,-0.009118541,0.024509804
0.013294423,-0.018872905,-0.016288041,-0.022288262,0.048573631
0.000162153,0.089432063,-0.017684211,0.015082956,-0.012687135
-0.004359057,0.027023036,0.057435441,-0.011185682,0.010253781
0.012753434,0.016816817,-0.017927416,0.003742515,0
0.03032345,0.063388153,0.01509099,0.0688,0.039989336
-0.01050175,-0.042940098,-0.012275318,-0.018067557,0.002673082
-0.011534025,0.012376238,-0.001750547,-0.02675841,-0.033583053
-0.005245042,-0.049551537,-0.045131634,-0.052173913,-0.044197531
0.015310368,0.025946598,-0.009929665,-0.005763689,-0.009779951
0.007038713,0.006376196,0,0.02133922,0.019695836
0.031995849,0.083922988,0.036894037,-0.016642547,0.030840401
-0.016499405,-0.005400982,0.025516938,-0.074966533,-0.034730836
0.032127809,0.093610166,0.043139055,0.092105263,0.066120074
0.012442232,-0.0854477,-0.051371354,-0.10295082,-0.038158229
-0.051584626,-0.017371723,-0.072294023,-0.024936061,-0.017495626
0.008157716,0.093387267,0.030378693,0.014267185,0.033583053
0.034458509,0.042728773,-0.004968944,0.015810277,0.023803227
-0.015576324,-0.049337517,-0.000413907,-0.023794212,-0.043027082
-0.010785824,0.011105235,-0.038981702,-0.015822785,0.056134723
-0.037726524,-0.073795918,-0.06785317,-0.021671827,-0.057919919
0.023263655,0.04468702,0.025475285,0.010006254,-0.005011275
-0.010013351,-0.087896702,-0.076220583,-0.092508513,-0.084633028
0.007905803,-0.010010781,-0.013855213,-0.03239978,-0.100845535
-0.021560237,0.034741036,0.009793634,0.001099505,0.06594856
-0.003444317,0.024657087,0.010604454,-0.009798585,0.002203128
-0.004733921,0.019986676,0.04045605,0.030286035,0.088489209
0.001307617,0.024923182,-0.016636528,0.007914076,-0.030232558
0.000490597,0.051705566,0.002174701,0.064380265,0.105114366
0.02240428,-0.016422391,0.010993038,-0.001801802,-0.017672305
0.01132905,0.01907504,0.023630908,0.009090909,0.134306987
0.037725917,0.038109471,-0.00261878,0.003039514,0.029481132
-0.002974108,-0.020494053,-0.003355705,0.049107143,-0.005861665
0.028612561,0.03641191,0.034722222,0.09880869,0.075323038
0.023577086,0.086096807,-0.003076923,-0.03646185,-0.012141968
-0.001838573,-0.00938584,-0.005736138,-0.012008005,-0.030193237
-0.01270648,-0.037131631,-0.026795683,0.01903467,0.02159161
-0.030447026,-0.097677717,-0.061801676,-0.084059776,-0.04982415
0.024891775,0.003201138,0.006678383,-0.030778515,-0.04745952
-0.00036062,0.058745999,0.005655709,0.114324143,0.084797093
-0.002697357,-0.022994849,-0.016684046,-0.012616202,-0.011968881
0.024880206,0.020078814,0.021299255,0.014824798,-0.014740566
-0.02916443,-0.005598059,0.016967509,-0.0382372,-0.139304745
-0.040515021,-0.013620468,-0.004313444,-0.040422886,-0.02691358
0.032252348,0.014755323,0.025811209,0.053045187,0
0.00355682,-0.008518519,-0.01345944,-0.038413098,-0.033412888
0.002138656,-0.014238773,0.004017531,0.006975269,0.036872061
0.00303897,0.020491803,0.039089184,0.061952862,-0.002222222
0.019872379,0.046189827,0.028493365,0.031966644,-0.007352941
-0.007778582,-0.044150522,-0.010428737,-0.101186758,-0.083146067
-0.020205601,0.063180828,0.057598039,-0.059894304,-0.02817209
0.028061224,0.017328229,0.036848793,-0.013896931,-0.008659883
-0.005076142,0.098494909,0.023850824,0.070675759,0.024395653
0.037817498,-0.046231792,-0.023295214,-0.015262515,0.03180778
-0.019734415,-0.041481182,0.011568123,-0.05862069,0.028235294
0.017833677,0.100668151,0.016107967,0.03880597,-0.075886062
0.022064467,0.052508204,0.00967033,-0.007113219,-0.049597024
0.021960784,-0.012956964,-0.002192982,-0.048505358,-0.072633193
-0.012775842,-0.012340037,0.011086475,0.029616725,0.112817232
0.016528926,0.028195489,0.035829123,0.004081633,0.163234929
-0.020431766,-0.037321873,0.005542725,0.059295862,0.049466285
0.017454403,0.084641806,0.001850995,0.109664154,0.214353462
0.005918327,0.048893464,0.003249768,0.182333874,0.161160059
-0.004321351,0.235612083,-0.034946237,-0.029110936,-0.09591769
0.035598047,0.127240143,0.085075352,0.08447099,0.166021672
-0.029034169,-0.037931034,-0.041918957,-0.060144346,-0.100591716
0.030111902,-0.081697277,0.000932401,-0.008744038,-0.049619583
0.014657308,0.02699187,-0.029850746,-0.035276074,-0.044261777
0.004770794,-0.10791993,0.031731218,-0.036215817,-0.086366262
-0.022307848,-0.019345661,0.053588987,0.156410256,0.002896871
0.0629446,0.084876543,0.059927045,0.053105311,-0.069792509
0.009355962,0.033492823,0.057300275,0.018331806,0.013657471
0.024749164,-0.040110227,-0.016793066,0.038058991,0.054435484
0.01150203,-0.098288239,0.041173153,-0.24713467,-0.134380454
-0.000901307,0.064042303,-0.040584416,0.628938156,0.353695579
0.026364477,0.107712333,-0.031953903,-0.044593088,-0.069117185
-0.069306931,0.041694915,0.088990302,-0.141626794,-0.125789618
0.000646134,0.005453306,-0.023942094,0.110520723,0.200461589
-0.011286201,0.011724138,0.049065421,0.256341789,0.066830813
0.005782823,0.059167275,0.034441088,0.035961272,0.087605203
0.047330642,0.121212121,0.062941554,0.185245902,0
0.028848373,0.010761589,0.024342105,0.073943662,0.471846847
0.032158171,0.152671756,0.089605735,0.838187702,0.727626459
-0.012932048,-0.055855856,-0.053595658,-0.203608247,-0.312834225
-0.064246425,-0.076923077,-0.102860621,0.043010753,-0.230848329
-0.021317829,-0.138301684,-0.050837666,-0.319926874,-0.441412981
-0.017974202,-0.070286476,-0.02916433,-0.091362126,-0.107408357
0.065810232,0.078692059,0.149580916,-0.069551777,0.101355167
-0.007826476,-0.1349083,-0.005769231,0.055464927,0.025477707
-0.014543852,-0.098374439,-0.127028539,-0.131728045,-0.008610792
-0.022825151,-0.074448768,0.00960452,-0.447141738,-0.481393272
-0.060869565,-0.079073101,-0.039609333,-0.093039773,-0.054601745
0.02593361,0.097823236,0.062247839,0.072353389,0.060913706
0.008790289,0.000787402,0.000576701,-0.031710914,-0.04136253
0.039373504,0.014647137,-0.011965812,-0.075664622,-0.088335073
-0.025026511,0.099560761,-0.026082131,-0.020694259,-0.001303101
-0.051307847,-0.066429743,-0.016912166,-0.040358744,-0.069930917
0.038662487,0.1822883,0.027466368,0.416515426,1.199093817
0.020038371,-0.06185567,-0.012728279,-0.301647655,-0.604010554
-0.033381414,-0.038764209,-0.066632231,-0.198577958,-0.194576675
-0.02881729,0.006453505,-0.037294878,-0.152024117,-0.134108641
0.101388583,0.147039031,0.016683519,0.147233202,0.138523422
-0.039381749,-0.153035053,-0.082134571,-0.093596059,-0.184124162
-0.067706277,-0.079244293,0.113119835,0.113715711,0.054582162
-0.162367725,-0.157790055,-0.183122363,-0.394808331,-0.231080557
-0.037861915,-0.201376633,-0.039708266,-0.060408395,-0.089316369
-0.020109119,-0.035574468,0.089143866,-0.020827548,-0.024238841
0.000467873,0.015733057,-0.089228296,0.110734115,0.149767758
0.061413673,0.02172761,0.077056277,0.046819503,-0.058202187
0.012571237,-0.094095055,-0.060211554,0.055915445,0.004232294
-0.020361248,0.006442261,-0.019545273,0.03056922,0.046828557
-0.004251145,-0.001126126,0.004809619,-0.015905947,-0.022101568
0.0122476,-0.007662835,-0.011097899,-0.048057933,-0.043286636
0.040826873,0.040531561,0.105609115,-0.032484076,0.02755014
-0.008709016,-0.033242332,-0.02769493,0.127063891,0.018393455
0.027729028,-0.005748044,0.011637931,0.075675676,-0.025886506
0.011539144,0.02152993,0.024282561,0.268985791,0.195231094
-0.031631425,-0.007125506,-0.028314028,-0.032701422,-0.037472311
0.044532232,-0.046626525,-0.059701493,-0.088946459,-0.024899502
-0.017813051,-0.067386609,-0.02093207,-0.092831962,-0.106231231
-0.036369816,-0.029756915,-0.029141104,-0.089839572,-0.057610673
0.030833917,0.018932384,0.057583131,-0.023668639,0.020894598
-0.034506089,-0.032102508,-0.029133858,-0.085614258,-0.083589428
0.0005077,0.013404077,0.009538951,0.002232855,0.036458078
0.005787234,-0.025710788,-0.064684015,-0.061938959,-0.086485519
0.005304586,0.023673583,0.023981728,-0.012994684,-0.021592502
-0.023069208,-0.012513751,0.005357826,-0.078890098,-0.104592337
0.021865391,0.006644518,-0.01987997,0.039005088,0.0048471
-0.042212042,-0.035514019,-0.005594927,-0.006737788,0.059319558
-0.011163242,0.145259939,0.060522152,0.043656607,0.074938299
-0.001776486,-0.038800705,-0.029930929,-0.062620159,-0.029905972
-0.000484262,0.009495549,0.044488978,0.035257322,0.15599839
0.005192276,0.044313604,-0.043328221,-0.090509439,-0.074213836
0.040168776,-0.012998929,0.043617447,0.17288444,0.137519873
-0.016434263,0.070913855,0.003211562,-0.028579847,-0.054040505
0.005844047,-0.034471853,0.024681201,-0.060094157,-0.118086564
-0.02554507,0.016230114,-0.01738076,-0.067166107,-0.056125855
-0.004857513,0.017495095,-0.022134387,-0.002319588,-0.01415172
0.027449676,0.028590649,-0.005112072,0.012790394,-0.021101804
0.014343571,-0.052279248,-0.061969753,-0.063782991,-0.123287671
-0.001348163,0.088480222,-0.075690419,0.140786172,0.127413127
-0.035592394,0.04971772,-0.002041511,0.097613219,0.089604025
-0.081230402,-0.043213103,-0.026498841,-0.065751858,-0.143912672
0.029515757,-0.036757301,-0.013721006,-0.033968517,0.011302193
-0.019149578,-0.063207547,-0.048196517,-0.030262453,-0.035840996
-0.004204204,0.005851653,0.001869159,-0.019690207,-0.031418753
-0.014209591,-0.008934169,0.020992366,-0.005742626,-0.014956305
0.019004525,-0.011006046,0.022771633,-0.070596798,-0.105235505
0.002570694,0.031994881,0.027749916,-0.002420136,0.030347419
0.022102009,0.047595106,-0.015146526,0.069081501,0.050443218
0.018416496,-0.011595163,0.000658979,-0.027428284,-0.067645958
0.009053367,-0.013723248,0.014032743,0.008885504,0.027198462
0.006876699,-0.058162794,-0.08999696,-0.025,-0.122705939
0.00887383,-0.003832005,0.058236808,-0.060901906,-0.103391795
0.027519894,0.020012508,0.161001121,0.009622154,0.006365227
-0.019186992,-0.079579796,0,-0.086406518,-0.115098066
-0.026590693,-0.000287728,0.010951662,-0.012073713,-0.008896401
0.006531783,0.024163843,0.013006886,0.048645047,0.034917712
0.025486032,0.003548721,0.028324154,-0.018958379,-0.017681507
0.027013423,0.068235666,-0.013581684,0.025704068,0.018656287
0.023175966,-0.003776554,0.020998415,0.019134396,0.025509602
0.004830085,-0.030806771,-0.009807768,-0.020526551,-0.029857929
-0.002752451,-0.007116899,-0.003128666,-0.022890778,-0.033401258
-0.016745602,0.05058861,0.019944156,0.001965924,-0.006360455
0.021070812,-0.063328863,-0.012603387,0.065394461,0.038512525
0.022245763,-0.017854529,-0.008590394,0.033678133,0.028007519
0.01233244,0.038765582,-0.014621008,-0.008585738,-0.015270708
0.015242243,-0.086261981,-0.056624319,-0.018722209,-0.07412168
-0.032478933,-0.018675027,0.044747819,-0.023983554,-0.034080328
0.009392167,0.080253276,-0.00490566,0.007131355,0.01587068
0.021172638,0.006521417,0.016884114,0.005319149,0.007988134
-0.00018093,-0.032133123,-0.000766871,-0.001155001,-0.02137851
-0.027279127,-0.002575476,-0.03264095,-0.02257846,-0.029071874
0.001057082,0.032958912,0.014678209,-0.00359955,0.012186175
-0.025077293,0.004901233,-0.017744917,-0.010242708,-0.021651581
-0.001714678,0.032035561,0.003710575,0.002679169,-0.011060944
-0.00951087,0.012571783,-0.011371974,-0.00156041,0.002173526
0.040098922,-0.001549667,0.001101726,0.006506619,0.035584203
-0.009102048,0.024448325,0.010764662,-0.005577867,-0.018122639
0.017090974,-0.008967904,0.014689266,0.009232155,0.023672899
-0.005488669,0.026983358,0.03792025,-0.00537514,-0.00092467
0.035000916,0.079916245,0.014274385,0.012471655,0.035270592
0.01130467,-0.012407375,0.002384738,-0.008543165,0.0005747
0.001856665,0.009041906,0.024013024,-0.003360968,0.004489962
-0.008285767,0.002265598,-0.005263158,-0.01282902,-0.007343422
0.024330441,0.05886695,0.02532171,0.041705069,0.044213466
-0.00487988,-0.01918552,0.001663202,-0.026250841,-0.015899326
0.003957038,0.021445739,-0.017163874,0.018742857,0.007205149
-0.025702221,-0.06272743,-0.039261877,-0.043297616,-0.070674696
-0.000550459,-0.006028247,0.005527043,-0.022027374,-0.006107211
0.011131725,0.044244604,-0.005106049,0.020069808,0.013114619
-0.017319964,-0.006788139,-0.039969834,0.004822446,-0.023054061
0.009013981,0.068116772,-0.013392857,0.01332741,0.009712675
-0.005670386,0.028857479,-0.016465423,-0.028904228,0.003112033
0.001832509,-0.001176471,-0.002918643,0.003897791,0.002201566
0.02787719,-0.007975102,0.053015751,0.002605297,-0.007104256
0.006445498,-0.018143621,-0.007624857,-0.002814462,-0.016697847
-0.008831266,0.01217862,0.007683442,0.000866739,0.021073381
0.003772161,-0.019893899,-0.018476621,0.000433557,0.008877317
-0.006371814,-0.024759793,0.027110767,0.032221974,0.042823851
0.025956547,0.035987749,0.00938233,-0.034356093,0.050016837
-0.006115039,-0.026644308,-0.021423106,-0.009205738,-0.018486691
0.000956389,0.03171857,0.012393493,-0.00532368,-0.00964518
-0.004380118,0.02240566,0.00859375,0.001492856,0.0033499
-0.010924845,-0.013762357,0.017892644,0.025142108,0.020967922
-0.004686914,-0.013764099,0.013704152,-0.005219661,-0.005557408
0.011760243,0.038514989,-0.003214142,0.001524722,0.00901689
0.005723006,-0.142200272,0.002416432,-0.014172214,-0.009332711
-0.030695266,0.015214385,0.017622951,0.002799311,-0.013113748
-0.012778386,0.03414983,0.019214703,0.012647187,0.027790299
0.015196442,0.048359888,0.025706941,0.021608376,0.003414976
-0.011540575,-0.040640173,-0.006808511,0.01906924,0.006304051
0.004600662,-0.028137015,0.048639,-0.004069636,0.009650735
-0.005672461,0.000699545,-0.00928382,0,-0.013151927
0.019019206,0.019433054,-0.000441891,0.001812005,0.015006444
0.018613485,-0.033930417,0.002214349,-0.00697256,0.00080621
-0.005102041,0.019132877,0.059596434,0.021129995,0.020162143
0.00265252,-0.083051666,0.006137866,-0.017377567,-0.017727304
0.00056872,0.026433174,0.00141844,0.012568556,0.013711772
0.005911518,0.041824441,0.015850144,0.030374382,0.029832044
0.015491867,-0.007855191,0.070987654,0.037878788,-0.013666397
0.022169438,-0.046564637,-0.043307087,-0.009920155,-0.030552995
0.006976281,-0.025543392,0,0.014482081,0.017203394
0.009253671,0.032432432,0.03567788,0.014442231,0.010683406
-0.00340818,0.022441802,0.018162948,0,-0.012837901
-0.00399361,0.044977249,0.007845188,-0.028073572,-0.028333826
-0.007137193,-0.072703668,-0.036775819,-0.009587728,-0.007375164
0.000198295,-0.021594157,-0.040599323,0.007729469,0.011497924
0.035098522,0.022568599,0.051321138,0.023232823,0.015781058
-0.000820345,-0.064692483,-0.022354694,-0.018913676,-0.003878027
-0.008943089,-0.027182745,-0.026595745,-0.02528953,-0.027390494
0.016109046,0.05600624,-0.014299333,0.010991637,0.008399366
0.018082422,-0.027314112,-0.110640102,0.065156528,0.051191128
-0.011432135,0.015251887,0.00297619,0.024778299,-0.000832263
0.001040366,0.027056962,-0.006337136,0,0.008199079
0.000208117,0.043248597,0.001269036,0.004190676,0.009096187
-0.026145116,-0.048830272,0.007243289,-0.028992879,-0.012140331
-0.012014417,-0.009640802,-0.017580578,0,0.008459258
-0.004584413,0.074340127,0.012288136,0.020768432,0.008923795
0.018887084,-0.048935494,0.008547009,0.016895459,0.023314837
-0.001014405,0.026251427,0.011235955,-0.000791348,-0.019852206
0.010662292,0.009049029,-0.002586207,0.023764515,0.013195285
0.016889074,0.047931034,0.003894418,0.016749039,0.006090891
0.010322309,0.009046625,-0.031027254,0.019311503,0.019955879
-0.014736405,0.00895208,-0.00872818,-0.038223419,-0.028334196
0.016026993,0.110959438,0.052033231,0.013919214,0.025830911
-0.024079029,-0.020813443,-0.028462192,-0.035281727,-0.066026156
-0.015200649,0.031108486,0.010300429,-0.016317016,0.006175479
0.008791658,0.046353523,0.029151943,0.008884244,0.001856082
-0.0020404,-0.01261188,-0.018638925,-0.016700925,-0.014423415
-0.010298869,-0.018958292,-0.009446114,-0.000770218,-0.002643151
0.013923014,0.026633886,-0.029178825,0.02338413,0.009396987
-0.010735264,-0.012343181,-0.010721649,-0.00496732,0.002888805
0,0.014992812,0.008735441,-0.007782101,-0.015157875
0.023636741,0.011635155,-0.010699588,0.031576131,0.022924071
-0.003100455,0.043808285,0.031847134,0.002145347,0.008540634
0.001656315,0.024666667,0.023023458,0.02783903,0.052650239
-0.003918334,0.048706595,0.04446461,0.005543237,0.003150166
0.021487255,0.043784967,0.030388032,0.040669166,0.035868421
0.001476793,-0.102205722,0.004225352,0.005218904,-0.0162067
0.000633312,-0.033150338,0.003297221,-0.005191808,-0.008140102
0.013478819,-0.036223036,-0.044124268,0.004054445,-0.002407972
0.040284888,-0.003043214,0.017873511,-0.00317552,0.006186045
-0.026646447,0.020919635,-0.030653043,-0.033212392,-0.004618108
0.014059754,-0.019496344,-0.019172113,0.01703094,0.018820085
0.015391479,0.010465832,-0.016288041,0.000852273,0.016635221
0.006285073,0.08918194,0.002147766,0.013532969,0.01809967
-0.011537608,-0.024422154,0.009102731,-0.01809443,-0.024002535
0.006026786,0.0004363,-0.009020619,0.021958971,0.012377032
0.004034065,0.022301517,-0.025533696,-0.013116624,-0.000213812
-0.0024592,-0.005544467,0.083938294,-0.007920792,0.002975472
-0.005558026,0.028512774,-0.002714932,-0.027777778,-0.010897232
-0.011211255,0.039108794,-0.004504505,-0.024678112,-0.043081139
0.035982692,0.026770504,0.027777778,0.018301011,-0.001949811
0.00022779,0.029050839,0.01551481,0.003838772,0.00757769
-0.013926325,-0.009672619,-0.012993039,-0.037730871,-0.016807144
-0.026672497,-0.033325342,0,0.002380323,-0.010745217
0.004391744,0.032681357,-0.015532206,0.013672922,-0.003782447
-0.004154822,0.032464213,0,0.004849138,0.001683919
-0.010387362,-0.00356597,-0.024509804,-0.009076348,0.005903599
-0.009219554,0.007183171,0.012635379,0.001872158,-0.010865816
0.012152778,0.052091768,0.020727775,0.032017665,0.041173905
0.006993007,-0.012789768,0.00323475,-0.007940854,-0.014611087
0.007263923,0.024010914,-0.003224321,0.009955752,-0.007875003
0.021357914,-0.019791388,0.013065796,0.015160022,0.023381757
-0.006477552,0.081260844,0.020962363,0.001969058,0.012473364
0.032994924,-0.079829697,-0.019158879,-0.008921104,0.007698754
0.006035283,0.006157965,0.033816425,0.01499717,0.017478418
0.016277424,-0.036626257,-0.006240999,0.005977797,0.00224311
-0.013268156,-0.029293941,-0.001438159,-0.026330377,-0.049736094
-0.001626772,-0.02632862,-0.031119368,-0.018231293,-0.019652719
-0.019147481,-0.00965717,-0.003240741,-0.021565495,-0.012601017
-0.000227894,0.054212268,-0.003230272,0.009406074,0.002487072
-0.004311323,0.043836344,-0.008691674,0.023095958,-0.005972487
-0.016294643,-0.020811655,-0.015758667,-0.023099651,-0.016798229
-0.003780298,0.009453782,-0.01332741,-0.00160901,-0.007642339
0.03928819,0.050772627,0.005359536,0.026141992,0.038131601
-0.006429392,-0.01974574,0.020510483,0.013385388,0.009384619
0.013969732,-0.043467012,-0.017905103,0.004481793,0.008836376
0.007270169,0.00337487,-0.020604998,0.003654765,-0.023422668
0.004712535,-0.042505593,-0.002187227,-0.048166979,0.009759255
0.004972768,0.002242152,-0.01038961,0.006192784,-0.011711734
-0.001418775,0.032407407,0.001734605,0.033388982,0.045694291
0.01560999,0.028571429,-0.004317789,-0.015072623,0.015467015
0.007013301,0.007731272,-0.005581795,-0.009231605,0.005701824
-0.003374307,-0.020114943,0.023736264,0.006559169,0.005070512
0.008262454,0.029032258,-0.010008703,0.013292717,0.005977525
-0.026265973,0.002155172,-0.000869565,-0.033458244,-0.040798124
0.019787645,0.032258065,0.022222222,0.032329373,0.020385876
0.032643907,0.08215468,0.047973917,0.026084491,0.039658295
0.022680938,0.041366343,0.008454674,0.022615251,0.052106146
0.003837299,-0.041165865,-0.008845438,-0.026531188,-0.031405824
-0.010129147,0.019920319,0,-0.003375527,-0.013908886
-0.025660005,-0.013603386,-0.009225092,0.02213916,-0.006906413
0.03630785,0.078226858,0.035339064,0.004331504,0.01628602
-0.02759821,-0.017925736,-0.008053055,-0.015353995,-0.05963492
-0.012521483,0.013627515,0.000473934,0.00142369,-0.006124279
-0.005615234,0.020867837,0.013935608,0.022714036,0.008528234
0.031738035,-0.001983471,-0.012808349,-0.01037464,0.002565033
-0.014399206,0.020236088,0.012974531,0.005797101,0.016754478
-0.017560976,0.006791171,0.006286267,0.041666667,0.044090547
0.000732243,0.021505376,-0.004333173,0.012534393,0.019002775
0.017130089,-0.044098143,-0.047247706,-0.012975256,-0.020426653
-0.017081503,0.003660566,0.016317016,0.001813785,0.004135307
-0.02752729,-0.05917345,0.019971469,0.004555117,0.015822785
-0.014038372,0.014934859,-0.013602251,0.006725772,-0.031305952
-0.003497319,0.00446856,-0.024702653,-0.003655193,-0.015963695
-0.014249598,-0.01817612,0,0.002748931,-0.022212941
-0.018054615,0.050016453,0.007837713,-0.006071645,-0.014736138
0.000903546,-0.015549077,0.058565154,0.003350594,0.003173293
0.015366972,0.001297438,0.031722054,0.007364222,0.017188894
0.018215787,0.001949951,-0.010463378,0.015581178,0.002578405
-0.001632082,0.031857814,0.013124685,0.020349762,0.024032762
-0.005333952,-0.035263669,0.001010611,0.015826873,-0.006796896
-0.011235955,-0.018418546,0.003041054,0.021108179,-0.022904356
-0.002516011,-0.007876497,-0.0135,-0.024139041,-0.028475627
-0.008391926,-0.051688079,-0.050783104,-0.011768448,-0.014025597
0.002957234,0.004501801,0.094545455,0.00801539,-0.018365541
0.000910747,0,-0.012820513,-0.003195909,-0.027751882
0.016666667,0.00969697,-0.014155713,0.006756757,-0.00520759
0.054430071,0.048284625,0.032898172,0.005174644,0.034767845
0.002692119,0.015156401,0.015915119,0.002919235,-0.005578801
-0.012088975,0.018056467,-0.029351184,-0.005804579,0.020908273
-0.009815657,-0.018685567,-0.036706349,-0.029117095,-0.013820117
0.006263551,0.008119519,-0.006896552,0.019795658,-0.005171062
0.002899251,-0.013773222,-0.001475652,0.007073955,0.028041622
0.024251423,-0.007944074,-0.000982801,-0.002565747,-0.012145648
0.0062251,-0.013788781,-0.017857143,-0.014538559,0.003672062
0.062433862,0.004722922,-0.020793951,0.016056519,-0.0034354
0.015310234,-0.071616486,-0.028912345,0.002252977,-0.00863771
0.025337373,0.000292398,0.023966165,0.028467395,0.016557953
-0.008194482,0.050691244,0.005196032,0.008681135,-0.007816
-0.014800861,-0.02690583,0.007615421,-0.009589947,0.018145877
-0.000269034,-0.012400354,0.009125841,-0.006243838,0.023819408
-0.014842301,-0.012248469,-0.005730659,0.007615894,-0.008489838
0.006133333,0.086157745,0.026974007,0.04137931,0.015147558
-0.030005173,0.019702842,0.025653924,0.009749304,0.020821669
0.007820647,0.006174846,0.010676157,0.006306938,-0.009558765
0.012939002,0.043050847,0.023413111,0.014575187,0.014872977
0.003710575,0.004084411,-0.014864172,-0.004952246,-0.001925752
-0.003433703,0.000340483,-0.023034552,-0.018743492,-0.027645575
-0.006820567,-0.009443508,-0.0015,0.005584642,0.007388195
-0.003398693,0.031304348,-0.017681729,-0.074911204,0.003180193
0.002095887,-0.034262681,-0.080397471,0.001941119,-0.016135705
-0.002352326,-0.024254343,0.006363636,0.007168459,0.010029252
0.016741961,0.03248731,-0.005874379,0.019601329,0.016756513
0.034643937,0.07493634,0.031701632,0.009728279,0.038584588
-0.003015351,-0.041158005,-0.059210526,-0.005338672,-0.034690237
0.012770683,0.046350365,0.057023644,0.044614848,0.060745552
0.023004828,-0.030088496,-0.001388889,-0.00416522,-0.000902884
-0.004804975,-0.023505012,0.0703667,-0.029312668,0.022827624
0.02343072,0.002078282,0.011528822,0.011243612,0.005805347
-0.037851378,0.010146956,0.026234568,-0.038335518,-0.040094734
-0.004984769,0.040407718,-0.001540832,0.002628121,0.011270781
0.002498612,0.014776505,-0.022099448,0.006613757,0.021853675
-0.03792735,0.029277567,-0.02688172,-0.033248082,-0.042458162
-0.003990423,-0.004542014,0,0.004495825,-0.000220513
-0.002123706,0.150195908,-0.015399423,0.003221649,-0.008878811
0.077209036,0.032359551,0.030242935,0.036048064,0.051748412
0.004307869,-0.004474273,0.034358974,0.005031869,0.020226893
-0.01331822,-0.02486911,-0.026946108,0.008798646,-0.023613258
-0.007034328,0.021390374,0.068230277,0.005444029,-0.001143576
0.013690816,0.026532479,0.041643531,0.020131899,0.009378697
0.002287021,0.046934866,-0.038441004,0.045735027,0.065099124
0.01450116,0.022526934,0.016277808,0.005841548,0.049380725
0.006127809,-0.037246582,-0.052929085,-0.005446623,-0.001545794
-0.008964719,-0.003289474,-0.029910269,0.002183406,0.002582978
0.00610998,0.015267176,0.010070493,-0.012221423,-0.016387195
0.01837037,0.008177008,0.034914018,0.032282004,0.037803632
0.002376002,-0.000961076,-0.010824742,-0.004065041,-0.015126432
0.056479448,-0.01233982,0.05320304,0.021517554,0.045261765
0.042184434,0.029311187,-0.035096909,0.019238169,0.003233712
-0.031665611,0.024524525,0.017048482,0.020416176,0.050189462
-0.038367844,-0.044019139,-0.071711177,-0.027119939,-0.047044796
0.063816003,0.117647059,0.068710359,0.047619048,0.102245419
0.017133443,0.026908292,0.055214724,-0.024590164,0.017770474
0.004634227,-0.025682183,-0.005546312,0.005889282,-0.005397393
-0.027366388,0.009724473,-0.037886873,-0.015842349,0.004236965
-0.01145767,0.076162791,0.022925764,0.021713383,0.020250798
0.021788618,0.014749263,0.036785512,0.013605442,-0.011243743
-0.036352241,-0.030874786,-0.018333333,-0.030267753,-0.04190954
-0.014210689,0.00114482,-0.048122686,0.00624756,-0.03478973
-0.059285092,-0.066274719,-0.03125,-0.025865348,-0.027462252
0.018348624,-0.000534188,-0.079679397,-0.004543733,-0.017622644
-0.012277112,0,0.039705882,0.022058824,0.037410884
0.041400304,0.05227656,0.015430562,0.01572327,0.026705801
0.010147601,-0.031045752,-0.001491054,-0.016241299,-0.077856117
-0.014246741,0.042589438,0.010547464,0.029868578,0.059437836
-0.048182343,-0.034009874,-0.053707224,0.000398406,-0.041530945
0.038657477,-0.074619289,-0.038391225,-0.017227878,-0.033958306
0.010599637,0.028183716,-0.009057971,-0.016557566,0.008829073
-0.064058957,0.076404494,0.026976744,0.035899481,0.044449817
0.025879616,0.044600939,0.028708134,0.024938675,0.000794995
-0.011781609,0.025270758,0.039800995,-0.044904334,-0.020715567
0.002592913,0.015892421,0.006006006,0.006286837,0.059762528
0.008718396,0.011124845,-0.008928571,0.007521774,0.02061214
0.026551313,0.130677848,0.087965461,0.166743649,0.150644536
0.153475568,0.015613911,0.11626506,0.024124882,0.086506774
0.00832755,-0.039536469,-0.032634033,-0.094646681,-0.035876616
-0.021724372,-0.009453072,-0.046666667,0.015217391,0.081670644
-0.065948003,-0.068553459,-0.009356081,-0.07593411,-0.086827652
0.056970509,-0.059171598,0.001653804,-0.014257426,-0.029690408
-0.035864297,-0.009958992,-0.025255239,-0.002370605,-0.075431119
-0.083234597,-0.026795895,-0.060575467,0.009573195,-0.036762213
-0.027929744,0.031764706,0.044831224,0.010072522,0.044701531
0.013422819,-0.024670109,0.03890411,-0.001207243,0.017211704
0.019637013,0.071296865,0.083729216,0.08326068,0.111046874
0.06834075,-0.045187793,-0.020930233,0.030085317,0.009971254
0.110483586,0.051851852,-0.085106383,0.002250225,-0.146089825
-0.139951427,-0.082152975,-0.044229792,-0.10330912,-0.00964789
-0.124867163,-0.05715812,-0.054326923,-0.031274433,-0.080921627
-0.002120891,-0.014218009,0.002409639,0.006690279,0.02066631
-0.04723415,0.026486486,0.046394352,0.001182033,-0.026399778
-0.006025609,-0.024775962,-0.053460621,-0.011682243,-0.009926155
-0.00772297,-0.034114053,0.062912227,0.001950839,-0.019531908
-0.010110974,-0.031558185,0.020714656,-0.056332842,-0.050489224
0.03470273,-0.031055901,-0.044059406,-0.004398827,-0.036566957
-0.036627335,-0.015522107,-0.049411765,-0.009800363,-0.041911396
-0.004892368,0.037579307,0.119599579,0.041194255,0.080389031
-0.001953125,-0.021957041,0.009574468,0.002272727,-0.022382942
0.005153374,-0.002855783,-0.037378392,0.026438569,0.03304135
-0.016650579,-0.016385768,-0.099585062,0.00233827,-0.074786961
0.023462583,-0.044295302,0.022630835,0.022310757,-0.012097842
0.025322867,0.01039783,0.000943841,0.016605913,-0.032246119
-0.017172723,0.009124088,-0.073458679,0.013130899,-0.017189731
0.01183581,-0.004993191,-0.002616659,-0.009349593,-0.006397953
0.000503905,-0.044251627,-0.032489451,-0.007664381,0.003013309
0.027173913,0.00743007,-0.022680412,0.020164609,0.016765957
-0.030850263,0.053406998,0.041666667,0.046511628,0.067050098
0.02099872,0.069423929,0.058663029,0.067095588,0.080175261
0.006443299,0.055064935,-0.037215412,0.008341057,-0.039207062
0.026726647,0.029411765,-0.006956522,0.0032543,-0.029897598
-0.030279702,-0.040041068,-0.031986532,-0.012396694,-0.021501208
0.019890081,0.008281573,-0.018181818,-0.03113879,-0.059910289
0,0.022763367,-0.034702832,0.041705283,-0.006821662
0.013796763,-0.028791774,-0.036510377,-0.001388246,0.018143161
0.001860712,-0.056741028,-0.004209721,-0.04675783,-0.056338782
-0.014150943,0.012770138,0.015151515,0.005321508,0.015815647
-0.001308558,0.034027425,0.004683841,0.031564501,0.020748384
0.034100135,0.027125717,0.001563722,0.002752294,0.074097247
-0.00216041,-0.020939734,-0.005829771,-0.02765388,-0.051194346
-0.018292683,0.078787879,0.056673511,0.039406583,0.027327641
-0.01565762,-0.025241676,-0.007742461,-0.055604203,-0.040835655
-0.007253886,-0.009047366,-0.016038492,0.039126479,0.023345971
0.011530398,0.017325393,0.00849171,-0.008122744,0.010368365
0.00394633,0.055428571,0.061829111,0.03599813,0.029197297
0.006354249,-0.033683048,-0.012717253,0.003283302,-0.030574713
0.029155313,0.033675799,0.074225865,0.063341646,0.059554256
-0.009713977,-0.04989154,0.027128157,0.076221149,0.017535163
-0.021905516,0.006001091,-0.02329831,-0.055752661,0.045475157
0.007177033,0.076968273,0.127769191,-0.038967365,0.064180339
0.032098765,0.016726404,0.029708223,0.145008366,0.113875451
-0.008433079,-0.098060345,-0.102808187,-0.129188927,-0.162588818
0.011557512,-0.023157895,-0.029112754,-0.038748833,-0.051969032
-0.002196595,-0.042821159,-0.080322992,-0.027689514,-0.051764502
0.031143828,-0.02791381,0.002556455,0.008699634,0.036487822
0.000283206,0.001962709,-0.055533199,-0.003194888,-0.061250316
0.027648428,-0.014983084,-0.02049665,-0.00724966,-0.02913231
-0.02690456,0.03243513,0.021747886,-0.002260398,0.024818825
-0.012583893,-0.023391813,-0.053734756,0.010507081,-0.010109683
0.017643711,0.035840485,-0.03030303,0.042877561,0.03479507
0.012388361,0.058226496,0.080239521,0.032464338,-0.037994927
0.015506144,-0.008999471,-0.095341278,-0.027737924,-0.038799958
-0.024543379,-0.08434319,0.06091954,-0.030598053,-0.010489877
0.047533632,0.009295499,0.011627907,0.067293419,0.083172367
-0.027898867,-0.003412969,-0.070605187,-0.017023346,-0.032378649
-0.003763752,-0.009178744,0.04047976,0.015810277,-0.016410284
0,0.015701668,-0.007809595,-0.000987167,-0.001161158
-0.003749639,-0.022541966,0.041440744,0.029994916,0.019659673
-0.025849958,0.038346614,-0.01899696,0.064970222,0.03249467
0.033391405,0.052410901,-0.019008572,-0.050385604,-0.029949533
0.013239188,0.004739336,0.053809898,-0.009674134,0.000220671
0.068867925,0.050913116,-0.027130302,0.034773446,0.030148897
-0.015479876,0.02553916,0.109838846,0.038861522,0.044831067
-0.002162496,0.05508982,0.106522759,0.06779661,0.106431903
-0.044569067,0.00420926,0.027483124,-0.094229751,-0.04957852
0.002366864,0.062619808,-0.033100233,0.03734212,0.049716514
0.01991551,-0.063995215,0.036732721,0.027072758,-0.058269806
-0.073266219,-0.047293447,-0.037674419,-0.020982882,-0.073860226
0.037724898,0.096875,0,0.070330969,0.02352184
-0.033108866,0.064537591,-0.000929368,0.008944544,-0.004137167
-0.01980198,-0.081857056,-0.010119595,-0.043899658,-0.107403844
0.024225352,0.015508685,-0.030762372,0.03848431,-0.000935332
0.026901938,-0.028330319,-0.027320035,-0.07654456,-0.025422227
0.020968695,0.02344232,-0.049855789,0.007713499,0.007423091
0.005643006,0.064346684,0.048833189,0.081000596,0.014885961
-0.041013956,-0.062769231,0.140463282,0.002986858,0.023530035
0.008328547,-0.048037493,0.089103596,0.021978022,-0.010436059
-0.085849304,-0.030113636,0.132522796,0.045977011,0.051504039
0.019266792,0.014994233,-0.065871664,-0.005082592,0.019966816
-0.003732338,0.14229249,-0.056270096,0.103013315,0.041625168
0.029080933,-0.019379845,-0.096368039,0.022939068,-0.066783303
0.122920518,0.023132849,-0.038640596,0.028002948,0.052296982
-0.047814608,0.046334716,-0.190350547,0.025699169,0.034459158
0.012774807,0.052401747,0.012982054,-0.025055269,-0.074344425
-0.099759294,0.033082707,0.025048924,-0.166461916,-0.007572237
0.06554574,0.027027027,-0.012751159,-0.006711409,-0.045256427
-0.048019533,0.058871627,0.008180756,0.083994709,0.076354749
0.033361368,0.070928196,0.038430421,0.027173913,-0.013550962
0.023529412,-0.02058319,0.212359,-0.060625399,0.022700864
-0.018862613,-0.081166273,-0.032273374,-0.098388953,-0.068972796
0.007945516,0.113157895,-0.078705728,-0.014180374,-0.010366618
0.013808976,-0.117647059,-0.046686119,-0.047541869,0.024834083
0.037302298,-0.061728395,-0.014379622,0.002165674,-0.041944416
0.02791411,-0.010064702,-0.074172689,-0.019118428,-0.025484709
0.008975549,0.013848397,-0.012396694,0.065647991,-0.017406034
-0.010110294,-0.00867052,-0.005974608,0.024347826,0.009592029
-0.025671642,-0.014946619,-0.005569996,-0.036850921,0.015530217
-0.042309891,-0.011259676,-0.019657809,-0.006104329,0.032297459
0.016860465,0.109289617,0.048073254,0.029714286,-0.014417783
0.006731051,0.022346369,-0.008323874,0.129032258,0.072833672
0.011545293,-0.066318927,-0.036105033,-0.046153846,-0.030756531
0.061262959,0.030721966,-0.084168337,0.026531901,0.042183554
-0.017592593,0.053398058,-0.037299035,0.001265022,0.043104447
-0.045092838,0.001620746,0.02504944,0.103279833,0.08200213
0.056680162,-0.022187005,0.029521547,-0.092463585,-0.026349497
-0.038622754,-0.035905271,0.070857558,-0.013125,-0.012914296
0.060654176,-0.060301508,0.05440613,-0.142550911,-0.020464129
0.026736224,-0.068850267,0.03777336,-0.082144614,-0.039318999
-0.016987179,0.077033837,0.079399142,0.126940133,0.143685609
0.044876088,-0.047978067,-0.055533036,0.097991479,-0.044159544
-0.00665336,0.016724739,-0.054789272,0.023676012,0.012478836
0.05362776,0.008432888,-0.032258065,0.021642266,0.010583016
0.021848138,-0.009742519,0.019659735,-0.029048208,0.009467758
-0.013427562,0.038294798,-0.116566466,-0.011606597,-0.034256943
0.020923521,-0.054644809,0.065101387,-0.007277138,0.05604306
0.012048193,-0.020735786,-0.167850799,-0.045165026,-0.016963828
0.032027129,0.049122807,-0.1617866,-0.002886836,-0.014692407
0.05905826,-0.001401542,-0.048630784,-0.039911308,-0.011215946
-0.001991239,-0.00349162,0.123905545,0.092671108,0.062470955
0.073076923,0.110077519,-0.016183764,0.165960452,0.16325585
-0.023372287,-0.019011407,0.051028807,-0.047106326,-0.083094353
-0.034260379,0.010760953,0.052555588,0.031228314,0.113322822
-0.043930636,-0.044787078,-0.039389736,0.008397481,-0.066867736
-0.003456221,0.04688701,-0.048812665,-0.031842818,-0.047405487
0.049576784,-0.14911707,-0.062113338,-0.015343562,-0.013684902
-0.015085351,-0.02735369,0.084541063,0.00334672,-0.02186993
-0.079649251,-0.081775701,-0.053113088,0.001340483,-0.005512976
-0.001459321,-0.082037534,-0.075640122,-0.095209218,-0.026889107
-0.038245614,-0.025600836,0.007097232,0.037106918,0.074063664
0.06741573,0.132544379,-0.045392954,-0.029896278,-0.030354649
-0.005586592,0.050341827,-0.005837449,0.016119033,0.001091368
0.012825349,-0.003097893,0.01898879,0.013190955,0.020748477
-0.052537527,-0.037567084,0.227808989,-0.091324201,-0.029035965
-0.001427552,-0.032313907,-0.023319616,-0.066098081,-0.018544936
0.064589666,0.002893519,0.0546875,-0.042368555,0.051671202
0.010752688,-0.021517554,0.059472716,-0.071123755,-0.037509654
0.0416,-0.105822785,-0.035767071,-0.020891365,0.029489041
-0.020376176,0.004577823,-0.025914195,0.022306597,0.009210802
-0.025210084,-0.010070493,-0.010541311,0.009583134,0.002378121
0.016304348,0.002018163,-0.001422475,0.096689438,0.12885906
0.060518732,-0.009495252,0.05239521,0.219090327,0.143824791
-0.063969171,-0.009896091,-0.072479867,-0.139470783,-0.09512524
0.095861486,0.05480167,0.055083504,0.012841988,0.076493358
-0.017834923,-0.008281573,-0.010437808,-0.042245989,-0.011393286
-0.050039401,-0.071600192,-0.057135046,0.03200883,0.00134988
0.009546539,0.027147088,0.015265057,-0.056741281,0.007148496
-0.034191318,-0.041173687,-0.009075908,-0.048067393,-0.049322493
-0.019585687,-0.039545455,0.027989822,-0.015129331,-0.029143898
-0.006734007,0.021830005,0.118595825,-0.022889843,0.014912497
-0.06571129,-0.031053105,-0.015566625,0.040694789,0.008033792
0.026920316,0.078117419,-0.004956629,0.042421107,0.080979453
-0.04817219,-0.015289059,-0.007990166,-0.093764651,-0.046238579
-0.011148649,-0.038585209,-0.049371896,-0.033091568,-0.056743587
0.003049814,0.034695817,-0.092283214,-0.09105892,-0.033060748
0.019695923,-0.031307551,0.066157761,0.013361169,0.001208624
0.023338048,-0.012278308,0.013757524,0.000835771,0
0.052474879,0.056703508,0.083203974,0.057913351,0.117116725
-0.007021434,-0.046724691,-0.000930521,-0.027515047,-0.053976102
0.017675818,0.034597156,0.088086399,0.079350348,0.075464173
-0.022066936,-0.053811659,-0.017898575,0.033573141,-0.014412368
0.022564874,0.14476386,-0.014052288,0.00968523,-0.010843269
-0.073196236,-0.079829948,0.04010877,-0.040427509,-0.023002575
0.003146853,-0.022170901,0.009262436,-0.016453382,-0.04490668
0.039244186,-0.034774855,-0.027685123,-0.024955437,0.012530612
-0.005061461,-0.018380744,-0.027885863,-0.017513135,-0.063419855
0.01878453,0.062790698,-0.05456775,-0.033022862,0.002798436
-0.005130084,-0.046140195,-0.007001522,0.013733906,0.045405362
-0.047469459,0.308943089,-0.081118881,-0.01853412,-0.027173489
-0.009678534,0.038600724,0.017069701,0.078110808,0.138027419
-0.034379172,0.00241838,0.040556542,-0.012556054,0.020649368
0.001671682,0,0.040665434,-0.022787029,-0.013535245
0.037460978,0.047498417,0.068466096,-0.010407632,-0.02559415
-0.03125,-0.103859251,0.03403676,0.049135578,0.067813154
0.061340942,0.095090118,0.03196347,0.061323032,0.051101666
-0.041367521,0.010678392,0.016059957,0.005828072,0.084105715
0.055575604,0.005685407,-0.063189569,0.033115906,0.044534189
-0.019808985,-0.03121175,-0.014172709,0.034787124,-0.018888406
-0.028856063,0.067973856,-0.085869238,-0.091509434,-0.056727422
0.001720578,-0.014175258,0.120148498,0.027629666,0.089408221
-0.014246947,-0.076190476,0.043309859,0.007816317,0.002516216
-0.045336788,-0.061452514,-0.00070373,-0.076680198,-0.111133201
0.012127171,0.108359133,0.080608365,0.16316894,0.166038829
0.010934394,0.071665561,-0.021577381,-0.028542304,-0.037592727
0.026879891,0.025170068,0.028702641,0.044728435,0.035101899
0.041459957,-0.102015883,0.028335301,0.005891805,0.044629395
-0.038173142,-0.043249562,0.052173913,-0.088823816,-0.036548518
0.008247423,-0.017795637,-0.005354201,-0.017737296,-0.062789305
0.048270893,0.015151515,0.126682135,0.050881612,0.1735796
-0.055139551,0.029394121,0.033077661,0.078804348,0.03870154
0.095042862,-0.035858878,0.006271105,-0.064089522,-0.059616705
0.068498606,0.096385542,0.032370518,0.086187845,-0.018503768
-0.060606061,-0.045399516,-0.004462072,0.022021457,0.012029516
0.072632424,0.007931666,0.012550201,0.133077415,0.115283541
0.042677824,0.004904966,0.084376701,-0.078419811,0.17973403
0.05565371,0.038853503,-0.069402229,-0.021914648,-0.080908818
0,-0.040928528,-0.079291045,-0.017563739,-0.041954023
0.010263275,0.165954416,0.073073073,0.052474657,0.0015109
0.012652508,-0.11026616,0.010622155,-0.022727273,-0.016904796
-0.034467714,-0.014981273,0.079148472,0.009411765,0.046561552
-0.013769363,0.043648208,-0.082164329,-0.127757825,-0.191465166
-0.034883721,-0.07138536,-0.048617731,-0.11368804,-0.115651299
-0.04063745,-0.02015412,0.061203844,0.003651301,-0.024474622
-0.096472282,0.018105009,-0.015438247,-0.072003388,-0.08482185
-0.037088388,-0.020685579,-0.036930456,-0.053327987,-0.090119529
-0.020373514,-0.013986014,-0.033827618,-0.030326594,0.013199739
0.006493506,-0.074932615,-0.035315154,-0.040298507,-0.072412818
-0.066666667,0.017553483,0.042404473,-0.017235057,0.039004115
-0.031510658,-0.028769313,0.055063913,0.060264386,0.084410854
0.060963618,0.021218716,0.026754165,0.05194274,0.03462245
0.01835781,0.026815642,0.103006682,0.026017625,0.003071253
-0.00597213,-0.007210205,0.104551046,-0.01365894,-0.015078183
-0.028368794,-0.079632466,-0.006112469,0.012149141,-0.032943294
0.02919708,0.028346457,0.017412935,0.016177097,0.050938845
0.023429542,-0.062038405,-0.008631319,-0.018796992,-0.029781571
0.061643836,0.012967581,-0.043632075,0.023952096,0.00800222
-0.029051453,0.036175711,0.043050431,0.009499136,0.050281772
-0.017537827,-0.023220596,-0.042966451,-0.048088779,-0.041132902
-0.097454997,0.003037975,-0.027475673,0.022268908,-0.008956189
0.043393782,0.003556911,0,-0.030154849,-0.02887245
-0.004513217,0.040169133,0.034952607,0.031525851,-0.038038556
-0.06,0.010144154,-0.0430839,0.034797738,0.091101595
0.056,-0.022442589,0.059459459,0.025423729,-0.005009832
-0.016057935,-0.009819121,0.073500967,-0.020532984,0
0.00157679,-0.00257732,-0.007042254,0.063167673,0.026826923
0.133309507,0.053775122,-0.00446144,0.001861331,0.083051289
0.041310011,-0.022823779,-0.023646546,0.013679245,0.002191724
0.029896512,0.036873968,0.092454113,0.053154496,-0.007664026
-0.029028656,-0.017306652,-0.014735432,0.011557789,0.026143791
0.03187404,0.055365297,-0.004002668,-0.007976072,0.031913144
-0.021052632,0.057332529,0.059363958,0.082568807,0.070749178
-0.005235602,0.054742202,0.079328757,0.011462882,0.032492726
-0.009996298,0.004475703,0.022620905,-0.036296686,-0.053096837
0.055903049,0.002564103,0.064784053,0.041073384,0.06290421
-0.035081101,-0.073083779,-0.031375704,-0.028723404,-0.108560862
#DIV/0!,#DIV/0!,#DIV/0!,#DIV/0!,#DIV/0!
